ID,Shinji,Kyuji,Kyuji_Unicode,Kyuji_Unicode_with_IVS,CID
1,亜,亞,U+4E9E,,
2,哀,哀,U+54C0,,
3,挨,挨,U+6328,,
4,愛,愛,U+611B,,
5,曖,曖,U+66D6,,
6,悪,惡,U+60E1,,
7,握,握,U+63E1,,
8,圧,壓,U+58D3,,
9,扱,扱,U+6271,U+6271 U+E0101,CID+13637
10,宛,宛,U+5B9B,,
11,嵐,嵐,U+5D50,,
12,安,安,U+5B89,,
13,案,案,U+6848,,
14,暗,暗,U+6697,U+6697 U+E0101,CID+13638
15,以,以,U+4EE5,,
16,衣,衣,U+8863,,
17,位,位,U+4F4D,,
18,囲,圍,U+570D,U+570D U+E0101,CID+13528
19,医,醫,U+91AB,,
20,依,依,U+4F9D,,
21,委,委,U+59D4,,
22,威,威,U+5A01,,
23,為,爲,U+7232,,
24,畏,畏,U+754F,,
25,胃,胃,U+80C3,,
26,尉,尉,U+5C09,,
27,異,異,U+7570,,
28,移,移,U+79FB,,
29,萎,萎,U+840E,,
30,偉,偉,U+5049,U+5049 U+E0101,CID+13409
31,椅,椅,U+6905,,
32,彙,彙,U+5F59,,
33,意,意,U+610F,U+610F U+E0101,CID+13639
34,違,違,U+9055,U+9055 U+E0102,CID+13641
35,維,維,U+7DAD,,
36,慰,慰,U+6170,,
37,遺,遺,U+907A,U+907A U+E0101,CID+13642
38,緯,緯,U+7DEF,U+7DEF U+E0101,CID+13410
39,域,域,U+57DF,,
40,育,育,U+80B2,,
41,一,一,U+4E00,,
42,壱,壹,U+58F9,,
43,逸,逸,U+FA67,,
44,茨,茨,U+8328,,
45,芋,芋,U+828B,,
46,引,引,U+5F15,,
47,印,印,U+5370,,
48,因,因,U+56E0,,
49,咽,咽,U+54BD,,
50,姻,姻,U+59FB,,
51,員,員,U+54E1,,
52,院,院,U+9662,,
53,淫,淫,U+6DEB,,
54,陰,陰,U+9670,,
55,飲,飮,U+98EE,,
56,隠,隱,U+96B1,,
57,韻,韻,U+97FB,,
58,右,右,U+53F3,,
59,宇,宇,U+5B87,,
60,羽,羽,U+FA1E,,
61,雨,雨,U+96E8,,
62,唄,唄,U+5504,,
63,鬱,鬱,U+9B31,,
64,畝,畝,U+755D,,
65,浦,浦,U+6D66,,
66,運,運,U+904B,U+904B U+E0101,CID+13649
67,雲,雲,U+96F2,,
68,永,永,U+6C38,U+6C38 U+E0101,CID+20154
69,泳,泳,U+6CF3,,
70,英,英,U+82F1,,
71,映,映,U+6620,,
72,栄,榮,U+69AE,,
73,営,營,U+71DF,,
74,詠,詠,U+8A60,,
75,影,影,U+5F71,,
76,鋭,鋭,U+92ED,,
77,衛,衞,U+885E,,
78,易,易,U+6613,,
79,疫,疫,U+75AB,,
80,益,益,U+FA17,,
81,液,液,U+6DB2,,
82,駅,驛,U+9A5B,,
83,悅,悅,U+6085,,
84,越,越,U+8D8A,,
85,謁,謁,U+FA62,,
86,閱,閱,U+95B1,,
87,円,圓,U+5713,,
88,延,延,U+5EF6,U+5EF6 U+E0102,CID+13654
89,沿,沿,U+6CBF,U+6CBF U+E0102,CID+13416
90,炎,炎,U+708E,,
91,怨,怨,U+6028,,
92,宴,宴,U+5BB4,,
93,媛,媛,U+5A9B,U+5A9B U+E0101,CID+7784
94,援,援,U+63F4,U+63F4 U+E0101,CID+13655
95,園,園,U+5712,,
96,煙,煙,U+7159,U+7159 U+E0101,CID+13657
97,猿,猿,U+733F,,
98,遠,遠,U+9060,U+9060 U+E0101,CID+13658
99,鉛,鉛,U+925B,U+925B U+E0102,CID+13659
100,塩,鹽,U+9E7D,,
101,演,演,U+6F14,,
102,縁,緣,U+7DE3,,
103,艶,艷,U+8277,,
104,汚,汚,U+6C5A,,
105,王,王,U+738B,,
106,凹,凹,U+51F9,,
107,央,央,U+592E,,
108,応,應,U+61C9,,
109,往,往,U+5F80,U+5F80 U+E0101,CID+13661
110,押,押,U+62BC,,
111,旺,旺,U+65FA,,
112,欧,歐,U+6B50,,
113,殴,毆,U+6BC6,,
114,桜,櫻,U+6AFB,,
115,翁,翁,U+7FC1,U+7FC1 U+E0102,CID+13662
116,奥,奧,U+5967,,
117,横,橫,U+6A6B,,
118,岡,岡,U+5CA1,,
119,屋,屋,U+5C4B,,
120,億,億,U+5104,,
121,憶,憶,U+61B6,,
122,臆,臆,U+81C6,,
123,虞,虞,U+865E,U+865E U+E0101,CID+13734
124,乙,乙,U+4E59,,
125,俺,俺,U+4FFA,,
126,卸,卸,U+5378,,
127,音,音,U+97F3,U+97F3 U+E0101,CID+13664
128,恩,恩,U+6069,,
129,温,溫,U+6EAB,,
130,穏,穩,U+7A69,,
131,下,下,U+4E0B,,
132,化,化,U+5316,U+5316 U+E0101,CID+13665
133,火,火,U+706B,,
134,加,加,U+52A0,,
135,可,可,U+53EF,,
136,仮,假,U+5047,,
137,何,何,U+4F55,,
138,花,花,U+82B1,U+82B1 U+E0101,CID+13666
139,佳,佳,U+4F73,,
140,価,價,U+50F9,,
141,果,果,U+679C,,
142,河,河,U+6CB3,,
143,苛,苛,U+82DB,,
144,科,科,U+79D1,,
145,架,架,U+67B6,,
146,夏,夏,U+590F,,
147,家,家,U+5BB6,,
148,荷,荷,U+8377,,
149,華,華,U+83EF,,
150,菓,菓,U+83D3,,
151,貨,貨,U+8CA8,U+8CA8 U+E0101,CID+13668
152,渦,渦,U+6E26,,
153,過,過,U+904E,U+904E U+E0101,CID+13669
154,嫁,嫁,U+5AC1,,
155,暇,暇,U+6687,,
156,禍,禍,U+FA52,,
157,靴,靴,U+9774,U+9774 U+E0101,CID+7667
158,寡,寡,U+5BE1,,
159,歌,歌,U+6B4C,,
160,箇,箇,U+7B87,,
161,稼,稼,U+7A3C,,
162,課,課,U+8AB2,,
163,蚊,蚊,U+868A,U+868A U+E0101,CID+20212
164,牙,牙,U+7259,,
165,瓦,瓦,U+74E6,,
166,我,我,U+6211,,
167,画,畫,U+756B,,
168,芽,芽,U+82BD,U+82BD U+E0100,CID+13670
169,賀,賀,U+8CC0,,
170,雅,雅,U+96C5,U+96C5 U+E0102,CID+13671
171,餓,餓,U+9913,U+9913 U+E0101,CID+13672
172,介,介,U+4ECB,,
173,回,回,U+56DE,,
174,灰,灰,U+7070,U+7070 U+E0101,CID+13674
175,会,會,U+6703,,
176,快,快,U+5FEB,,
177,戒,戒,U+6212,,
178,改,改,U+6539,,
179,怪,怪,U+602A,,
180,拐,拐,U+62D0,U+62D0 U+E0101,CID+7649
181,悔,悔,U+FA3D,,
182,海,海,U+FA45,,
183,界,界,U+754C,,
184,皆,皆,U+7686,,
185,械,械,U+68B0,,
186,絵,繪,U+7E6A,,
187,開,開,U+958B,,
188,階,階,U+968E,,
189,塊,塊,U+584A,,
190,楷,楷,U+6977,,
191,解,解,U+89E3,,
192,潰,潰,U+6F70,,
193,壊,壞,U+58DE,,
194,懐,懷,U+61F7,,
195,諧,諧,U+8AE7,,
196,貝,貝,U+8C9D,,
197,外,外,U+5916,,
198,劾,劾,U+52BE,,
199,害,害,U+5BB3,U+5BB3 U+E0102,CID+13675
200,崖,崖,U+5D16,,
201,涯,涯,U+6DAF,,
202,街,街,U+8857,,
203,慨,慨,U+FA3E,,
204,蓋,蓋,U+84CB,,
205,該,該,U+8A72,,
206,概,槪,U+69EA,,
207,骸,骸,U+9AB8,,
208,垣,垣,U+57A3,,
209,柿,柿,U+67FF,,
210,各,各,U+5404,,
211,角,角,U+89D2,,
212,拡,擴,U+64F4,,
213,革,革,U+9769,,
214,格,格,U+683C,,
215,核,核,U+6838,,
216,殻,殼,U+6BBC,,
217,郭,郭,U+90ED,,
218,覚,覺,U+89BA,,
219,較,較,U+8F03,U+8F03 U+E0101,CID+20226
220,隔,隔,U+9694,,
221,閣,閣,U+95A3,,
222,確,確,U+78BA,,
223,獲,獲,U+7372,,
224,嚇,嚇,U+5687,,
225,穫,穫,U+7A6B,,
226,学,學,U+5B78,,
227,岳,嶽,U+5DBD,,
228,楽,樂,U+6A02,,
229,額,額,U+984D,,
230,顎,顎,U+984E,,
231,掛,掛,U+639B,,
232,潟,潟,U+6F5F,,
233,括,括,U+62EC,,
234,活,活,U+6D3B,,
235,喝,喝,U+FA36,,
236,渇,渴,U+6E34,,
237,割,割,U+5272,U+5272 U+E0100,CID+13684
238,葛,葛,U+845B,,
239,滑,滑,U+6ED1,,
240,褐,褐,U+FA60,,
241,轄,轄,U+8F44,U+8F44 U+E0101,CID+13685
242,且,且,U+4E14,,
243,株,株,U+682A,,
244,釜,釜,U+91DC,,
245,鎌,鎌,U+938C,U+938C U+E0101,CID+13686
246,刈,刈,U+5208,,
247,干,干,U+5E72,,
248,刊,刊,U+520A,,
249,甘,甘,U+7518,,
250,汗,汗,U+6C57,,
251,缶,罐,U+7F50,,
252,完,完,U+5B8C,,
253,肝,肝,U+809D,,
254,官,官,U+5B98,,
255,冠,冠,U+51A0,,
256,巻,卷,U+5377,,
257,看,看,U+770B,,
258,陥,陷,U+9677,,
259,乾,乾,U+4E7E,,
260,勘,勘,U+52D8,,
261,患,患,U+60A3,,
262,貫,貫,U+8CAB,U+8CAB U+E0101,CID+13426
263,寒,寒,U+5BD2,U+5BD2 U+E0101,CID+13688
264,喚,喚,U+559A,,
265,堪,堪,U+582A,,
266,換,換,U+63DB,,
267,敢,敢,U+6562,,
268,棺,棺,U+68FA,,
269,款,款,U+6B3E,,
270,間,間,U+9593,,
271,閑,閑,U+9591,,
272,勧,勸,U+52F8,,
273,寛,寬,U+5BEC,,
274,幹,幹,U+5E79,,
275,感,感,U+611F,,
276,漢,漢,U+FA47,,
277,慣,慣,U+6163,,
278,管,管,U+7BA1,,
279,関,關,U+95DC,,
280,歓,歡,U+6B61,,
281,監,監,U+76E3,,
282,緩,緩,U+7DE9,U+7DE9 U+E0101,CID+13690
283,憾,憾,U+61BE,,
284,還,還,U+9084,U+9084 U+E0101,CID+13692
285,館,館,U+FA2C,,
286,環,環,U+74B0,U+74B0 U+E0101,CID+13689
287,簡,簡,U+7C21,,
288,観,觀,U+89C0,,
289,韓,韓,U+97D3,U+97D3 U+E0101,CID+13694
290,艦,艦,U+8266,,
291,鑑,鑑,U+9451,,
292,丸,丸,U+4E38,,
293,含,含,U+542B,,
294,岸,岸,U+5CB8,,
295,岩,岩,U+5CA9,,
296,玩,玩,U+73A9,,
297,眼,眼,U+773C,,
298,頑,頑,U+9811,,
299,顔,顏,U+984F,,
300,願,願,U+9858,,
301,企,企,U+4F01,,
302,伎,伎,U+4F0E,,
303,危,危,U+5371,U+5371 U+E0101,CID+13696
304,机,机,U+673A,,
305,気,氣,U+6C23,,
306,岐,岐,U+5C90,,
307,希,希,U+5E0C,,
308,忌,忌,U+5FCC,,
309,汽,汽,U+6C7D,,
310,奇,奇,U+5947,,
311,祈,祈,U+FA4E,,
312,季,季,U+5B63,,
313,紀,紀,U+7D00,,
314,軌,軌,U+8ECC,U+8ECC U+E0101,CID+13430
315,既,既,U+FA42,,
316,記,記,U+8A18,,
317,起,起,U+8D77,U+8D77 U+E0101,CID+13704
318,飢,飢,U+98E2,U+98E2 U+E0101,CID+13705
319,鬼,鬼,U+9B3C,,
320,帰,歸,U+6B78,,
321,基,基,U+57FA,,
322,寄,寄,U+5BC4,,
323,規,規,U+898F,,
324,亀,龜,U+9F9C,,
325,喜,喜,U+559C,,
326,幾,幾,U+5E7E,U+5E7E U+E0101,CID+13700
327,揮,揮,U+63EE,,
328,期,期,U+671F,U+671F U+E0101,CID+13702
329,棋,棋,U+68CB,,
330,貴,貴,U+8CB4,,
331,棄,棄,U+68C4,,
332,毀,毀,U+6BC0,,
333,旗,旗,U+65D7,,
334,器,器,U+FA38,,
335,畿,畿,U+757F,,
336,輝,輝,U+8F1D,,
337,機,機,U+6A5F,U+6A5F U+E0101,CID+13703
338,騎,騎,U+9A0E,,
339,技,技,U+6280,,
340,宜,宜,U+5B9C,,
341,偽,僞,U+50DE,,
342,欺,欺,U+6B3A,,
343,義,義,U+7FA9,,
344,疑,疑,U+7591,,
345,儀,儀,U+5100,,
346,戯,戲,U+6232,,
347,擬,擬,U+64EC,,
348,犠,犧,U+72A7,,
349,議,議,U+8B70,,
350,菊,菊,U+83CA,,
351,吉,吉,U+5409,,
352,喫,喫,U+55AB,U+55AB U+E0101,CID+13707
353,詰,詰,U+8A70,,
354,却,却,U+5374,,
355,客,客,U+5BA2,,
356,脚,脚,U+811A,,
357,逆,逆,U+9006,U+9006 U+E0101,CID+13709
358,虐,虐,U+8650,U+8650 U+E0101,CID+13708
359,九,九,U+4E5D,,
360,久,久,U+4E45,,
361,及,及,U+53CA,U+53CA U+E0101,CID+13710
362,弓,弓,U+5F13,,
363,丘,丘,U+4E18,,
364,旧,舊,U+820A,,
365,休,休,U+4F11,,
366,吸,吸,U+5438,U+5438 U+E0101,CID+13711
367,朽,朽,U+673D,,
368,臼,臼,U+81FC,,
369,求,求,U+6C42,,
370,究,究,U+7A76,,
371,泣,泣,U+6CE3,,
372,急,急,U+6025,U+6025 U+E0101,CID+13712
373,級,級,U+7D1A,U+7D1A U+E0101,CID+13713
374,糾,糾,U+7CFE,,
375,宮,宮,U+5BAE,,
376,救,救,U+6551,,
377,球,球,U+7403,,
378,給,給,U+7D66,,
379,嗅,嗅,U+55C5,,
380,窮,窮,U+7AAE,U+7AAE U+E0101,CID+13431
381,牛,牛,U+725B,,
382,去,去,U+53BB,,
383,巨,巨,U+5DE8,U+5DE8 U+E0101,CID+13714
384,居,居,U+5C45,,
385,拒,拒,U+62D2,U+62D2 U+E0101,CID+13715
386,拠,據,U+64DA,,
387,挙,擧,U+64E7,,
388,虚,虛,U+865B,,
389,許,許,U+8A31,,
390,距,距,U+8DDD,U+8DDD U+E0101,CID+13716
391,魚,魚,U+9B5A,,
392,御,御,U+5FA1,,
393,漁,漁,U+6F01,,
394,凶,凶,U+51F6,,
395,共,共,U+5171,,
396,叫,叫,U+53EB,,
397,狂,狂,U+72C2,,
398,京,京,U+4EAC,,
399,享,享,U+4EAB,,
400,供,供,U+4F9B,,
401,協,協,U+5354,,
402,況,況,U+6CC1,,
403,峡,峽,U+5CFD,,
404,挟,挾,U+633E,,
405,狭,狹,U+72F9,,
406,恐,恐,U+6050,U+6050 U+E0101,CID+13721
407,恭,恭,U+606D,,
408,胸,胸,U+80F8,,
409,脅,脅,U+8105,,
410,強,强,U+5F3A,,
411,教,敎,U+654E,,
412,郷,鄕,U+9115,,
413,境,境,U+5883,,
414,橋,橋,U+6A4B,,
415,矯,矯,U+77EF,,
416,鏡,鏡,U+93E1,,
417,競,競,U+7AF6,,
418,響,響,U+FA69,,
419,驚,驚,U+9A5A,,
420,仰,仰,U+4EF0,,
421,暁,曉,U+66C9,,
422,業,業,U+696D,,
423,凝,凝,U+51DD,,
424,曲,曲,U+66F2,,
425,局,局,U+5C40,,
426,極,極,U+6975,,
427,玉,玉,U+7389,,
428,巾,巾,U+5DFE,,
429,斤,斤,U+65A4,,
430,均,均,U+5747,,
431,近,近,U+8FD1,U+8FD1 U+E0101,CID+13730
432,金,金,U+91D1,,
433,菌,菌,U+83CC,,
434,勤,勤,U+FA34,,
435,琴,琴,U+7434,,
436,筋,筋,U+7B4B,,
437,僅,僅,U+50C5,,
438,禁,禁,U+7981,,
439,緊,緊,U+7DCA,,
440,錦,錦,U+9326,,
441,謹,謹,U+FA63,,
442,襟,襟,U+895F,,
443,吟,吟,U+541F,,
444,銀,銀,U+9280,,
445,区,區,U+5340,U+5340 U+E0101,CID+13524
446,句,句,U+53E5,,
447,苦,苦,U+82E6,,
448,駆,驅,U+9A45,U+9A45 U+E0101,CID+13628
449,具,具,U+5177,U+5177 U+E0101,CID+13733
450,惧,惧,U+60E7,,
451,愚,愚,U+611A,,
452,空,空,U+7A7A,,
453,偶,偶,U+5076,,
454,遇,遇,U+9047,U+9047 U+E0101,CID+13736
455,隅,隅,U+9685,,
456,串,串,U+4E32,,
457,屈,屈,U+5C48,,
458,掘,掘,U+6398,,
459,窟,窟,U+7A9F,,
460,熊,熊,U+718A,,
461,繰,繰,U+7E70,,
462,君,君,U+541B,,
463,訓,訓,U+8A13,,
464,勲,勳,U+52F3,,
465,薫,薰,U+85B0,,
466,軍,軍,U+8ECD,,
467,郡,郡,U+90E1,,
468,群,群,U+7FA4,,
469,兄,兄,U+5144,,
470,刑,刑,U+5211,,
471,形,形,U+5F62,,
472,系,系,U+7CFB,,
473,径,徑,U+5F91,,
474,茎,莖,U+8396,,
475,係,係,U+4FC2,,
476,型,型,U+578B,,
477,契,契,U+5951,U+5951 U+E0101,CID+13739
478,計,計,U+8A08,,
479,恵,惠,U+60E0,,
480,啓,啓,U+5553,U+5553 U+E0101,CID+13738
481,掲,揭,U+63ED,,
482,渓,溪,U+6EAA,,
483,経,經,U+7D93,,
484,蛍,螢,U+87A2,,
485,敬,敬,U+656C,,
486,景,景,U+666F,,
487,軽,輕,U+8F15,,
488,傾,傾,U+50BE,,
489,携,携,U+643A,,
490,継,繼,U+7E7C,,
491,詣,詣,U+8A63,,
492,慶,慶,U+6176,,
493,憬,憬,U+61AC,,
494,稽,稽,U+7A3D,,
495,憩,憩,U+61A9,,
496,警,警,U+8B66,,
497,鶏,鷄,U+9DC4,,
498,芸,藝,U+85DD,,
499,迎,迎,U+8FCE,U+8FCE U+E0101,CID+13742
500,鯨,鯨,U+9BE8,,
501,隙,隙,U+9699,,
502,劇,劇,U+5287,,
503,撃,擊,U+64CA,,
504,激,激,U+6FC0,,
505,桁,桁,U+6841,,
506,欠,缺,U+7F3A,,
507,穴,穴,U+7A74,U+7A74 U+E0101,CID+13434
508,血,血,U+8840,,
509,決,決,U+6C7A,,
510,結,結,U+7D50,,
511,傑,傑,U+5091,U+5091 U+E0102,CID+13743
512,潔,潔,U+6F54,U+6F54 U+E0101,CID+13744
513,月,月,U+6708,,
514,犬,犬,U+72AC,,
515,件,件,U+4EF6,,
516,見,見,U+898B,,
517,券,券,U+5238,U+5238 U+E0101,CID+13749
518,肩,肩,U+80A9,U+80A9 U+E0101,CID+13752
519,建,建,U+5EFA,U+5EFA U+E0101,CID+13436
520,研,硏,U+784F,,
521,県,縣,U+7E23,,
522,倹,儉,U+5109,,
523,兼,兼,U+517C,U+517C U+E0101,CID+13748
524,剣,劍,U+528D,,
525,拳,拳,U+62F3,U+62F3 U+E0101,CID+7969
526,軒,軒,U+8ED2,,
527,健,健,U+5065,U+5065 U+E0101,CID+13435
528,険,險,U+96AA,,
529,圏,圈,U+5708,,
530,堅,堅,U+5805,,
531,検,檢,U+6AA2,,
532,嫌,嫌,U+5ACC,U+5ACC U+E0101,CID+7675
533,献,獻,U+737B,,
534,絹,絹,U+7D79,,
535,遣,遣,U+9063,U+9063 U+E0101,CID+13754
536,権,權,U+6B0A,,
537,憲,憲,U+61B2,U+61B2 U+E0101,CID+13750
538,賢,賢,U+8CE2,,
539,謙,謙,U+8B19,U+8B19 U+E0101,CID+13753
540,鍵,鍵,U+9375,U+9375 U+E0100,CID+1892
541,繭,繭,U+7E6D,U+7E6D U+E0101,CID+14049
542,顕,顯,U+986F,,
543,験,驗,U+9A57,,
544,懸,懸,U+61F8,,
545,元,元,U+5143,,
546,幻,幻,U+5E7B,,
547,玄,玄,U+7384,,
548,言,言,U+8A00,,
549,弦,弦,U+5F26,,
550,限,限,U+9650,,
551,原,原,U+539F,,
552,現,現,U+73FE,,
553,舷,舷,U+8237,,
554,減,減,U+6E1B,,
555,源,源,U+6E90,,
556,厳,嚴,U+56B4,,
557,己,己,U+5DF1,,
558,戸,戶,U+6236,,
559,古,古,U+53E4,,
560,呼,呼,U+547C,,
561,固,固,U+56FA,,
562,股,股,U+80A1,,
563,虎,虎,U+864E,,
564,孤,孤,U+5B64,,
565,弧,弧,U+5F27,,
566,故,故,U+6545,,
567,枯,枯,U+67AF,,
568,個,個,U+500B,,
569,庫,庫,U+5EAB,,
570,湖,湖,U+6E56,,
571,雇,雇,U+96C7,U+96C7 U+E0101,CID+13758
572,誇,誇,U+8A87,,
573,鼓,鼓,U+9F13,,
574,錮,錮,U+932E,,
575,顧,顧,U+9867,U+9867 U+E0101,CID+13759
576,五,五,U+4E94,,
577,互,互,U+4E92,,
578,午,午,U+5348,,
579,呉,吳,U+5433,,
580,後,後,U+5F8C,,
581,娯,娛,U+5A1B,,
582,悟,悟,U+609F,,
583,碁,碁,U+7881,,
584,語,語,U+8A9E,,
585,誤,誤,U+8AA4,U+8AA4 U+E0101,CID+13762
586,護,護,U+8B77,,
587,口,口,U+53E3,,
588,工,工,U+5DE5,,
589,公,公,U+516C,U+516C U+E0101,CID+13440
590,勾,勾,U+52FE,,
591,孔,孔,U+5B54,,
592,功,功,U+529F,,
593,巧,巧,U+5DE7,,
594,広,廣,U+5EE3,,
595,甲,甲,U+7532,,
596,交,交,U+4EA4,U+4EA4 U+E0101,CID+13439
597,光,光,U+5149,,
598,向,向,U+5411,,
599,后,后,U+540E,,
600,好,好,U+597D,,
601,江,江,U+6C5F,,
602,考,考,U+8003,,
603,行,行,U+884C,,
604,坑,坑,U+5751,,
605,孝,孝,U+5B5D,,
606,抗,抗,U+6297,,
607,攻,攻,U+653B,,
608,更,更,U+66F4,U+66F4 U+E0101,CID+13441
609,効,效,U+6548,,
610,幸,幸,U+5E78,,
611,拘,拘,U+62D8,,
612,肯,肯,U+80AF,,
613,侯,侯,U+4FAF,,
614,厚,厚,U+539A,,
615,恒,恆,U+6046,,
616,洪,洪,U+6D2A,,
617,皇,皇,U+7687,,
618,紅,紅,U+7D05,,
619,荒,荒,U+8352,U+8352 U+E0101,CID+13772
620,郊,郊,U+90CA,,
621,香,香,U+9999,,
622,候,候,U+5019,,
623,校,校,U+6821,U+6821 U+E0101,CID+13442
624,耕,耕,U+8015,U+8015 U+E0101,CID+13770
625,航,航,U+822A,,
626,貢,貢,U+8CA2,,
627,降,降,U+964D,U+964D U+E0101,CID+13447
628,高,高,U+9AD8,,
629,康,康,U+5EB7,,
630,控,控,U+63A7,U+63A7 U+E0101,CID+13766
631,梗,梗,U+6897,U+6897 U+E0100,CID+1998
632,黄,黃,U+9EC3,,
633,喉,喉,U+5589,,
634,慌,慌,U+614C,U+614C U+E0101,CID+13764
635,港,港,U+6E2F,U+6E2F U+E0101,CID+13769
636,硬,硬,U+786C,U+786C U+E0101,CID+13443
637,絞,絞,U+7D5E,U+7D5E U+E0101,CID+13444
638,項,項,U+9805,,
639,溝,溝,U+6E9D,U+6E9D U+E0101,CID+7681
640,鉱,鑛,U+945B,,
641,構,構,U+69CB,U+69CB U+E0101,CID+13767
642,綱,綱,U+7DB1,,
643,酵,酵,U+9175,,
644,稿,稿,U+7A3F,,
645,興,興,U+8208,,
646,衡,衡,U+8861,,
647,鋼,鋼,U+92FC,,
648,講,講,U+8B1B,U+8B1B U+E0101,CID+13773
649,購,購,U+8CFC,U+8CFC U+E0102,CID+13774
650,乞,乞,U+4E5E,,
651,号,號,U+865F,,
652,合,合,U+5408,,
653,拷,拷,U+62F7,,
654,剛,剛,U+525B,,
655,傲,傲,U+50B2,,
656,豪,豪,U+8C6A,,
657,克,克,U+514B,,
658,告,吿,U+543F,,
659,谷,谷,U+8C37,,
660,刻,刻,U+523B,,
661,国,國,U+570B,,
662,黒,黑,U+9ED1,,
663,穀,穀,U+FA54,,
664,酷,酷,U+9177,U+9177 U+E0101,CID+13776
665,獄,獄,U+7344,,
666,骨,骨,U+9AA8,,
667,駒,駒,U+99D2,,
668,込,込,U+8FBC,U+8FBC U+E0101,CID+13779
669,頃,頃,U+9803,,
670,今,今,U+4ECA,,
671,困,困,U+56F0,,
672,昆,昆,U+6606,,
673,恨,恨,U+6068,,
674,根,根,U+6839,,
675,婚,婚,U+5A5A,,
676,混,混,U+6DF7,,
677,痕,痕,U+75D5,,
678,紺,紺,U+7D3A,,
679,魂,魂,U+9B42,,
680,墾,墾,U+58BE,,
681,懇,懇,U+61C7,,
682,左,左,U+5DE6,,
683,佐,佐,U+4F50,,
684,沙,沙,U+6C99,,
685,査,査,U+67FB,,
686,砂,砂,U+7802,,
687,唆,唆,U+5506,,
688,差,差,U+5DEE,,
689,詐,詐,U+8A50,,
690,鎖,鎖,U+9396,U+9396 U+E0101,CID+13781
691,座,座,U+5EA7,,
692,挫,挫,U+632B,,
693,才,才,U+624D,,
694,再,再,U+518D,,
695,災,災,U+707D,,
696,妻,妻,U+59BB,,
697,采,采,U+91C7,U+91C7 U+E0101,CID+7685
698,砕,碎,U+788E,,
699,宰,宰,U+5BB0,,
700,栽,栽,U+683D,,
701,彩,彩,U+5F69,U+5F69 U+E0101,CID+13783
702,採,採,U+63A1,U+63A1 U+E0101,CID+13784
703,済,濟,U+6FDF,,
704,祭,祭,U+796D,,
705,斎,齋,U+9F4B,,
706,細,細,U+7D30,,
707,菜,菜,U+83DC,U+83DC U+E0101,CID+13786
708,最,最,U+6700,,
709,裁,裁,U+88C1,,
710,債,債,U+50B5,,
711,催,催,U+50AC,,
712,塞,塞,U+585E,,
713,歳,歳,U+6B73,,
714,載,載,U+8F09,,
715,際,際,U+969B,,
716,埼,埼,U+57FC,,
717,在,在,U+5728,,
718,材,材,U+6750,,
719,剤,劑,U+5291,,
720,財,財,U+8CA1,,
721,罪,罪,U+7F6A,U+7F6A U+E0101,CID+13449
722,崎,崎,U+5D0E,,
723,作,作,U+4F5C,,
724,削,削,U+524A,U+524A U+E0101,CID+13789
725,昨,昨,U+6628,,
726,柵,柵,U+67F5,,
727,索,索,U+7D22,,
728,策,策,U+7B56,,
729,酢,酢,U+9162,,
730,搾,搾,U+643E,,
731,錯,錯,U+932F,,
732,咲,咲,U+54B2,U+54B2 U+E0101,CID+13788
733,冊,冊,U+518A,,
734,札,札,U+672D,,
735,刷,刷,U+5237,,
736,刹,刹,U+5239,,
737,拶,拶,U+62F6,,
738,殺,殺,U+F970,,
739,察,察,U+5BDF,,
740,撮,撮,U+64AE,,
741,擦,擦,U+64E6,,
742,雑,雜,U+96DC,,
743,皿,皿,U+76BF,,
744,三,三,U+4E09,,
745,山,山,U+5C71,,
746,参,參,U+53C3,,
747,桟,棧,U+68E7,,
748,蚕,蠶,U+8836,,
749,惨,慘,U+6158,,
750,産,產,U+7522,,
751,傘,傘,U+5098,,
752,散,散,U+6563,,
753,算,算,U+7B97,,
754,酸,酸,U+9178,,
755,賛,贊,U+8D0A,,
756,残,殘,U+6B98,,
757,斬,斬,U+65AC,,
758,暫,暫,U+66AB,,
759,士,士,U+58EB,,
760,子,子,U+5B50,,
761,支,支,U+652F,,
762,止,止,U+6B62,,
763,氏,氏,U+6C0F,,
764,仕,仕,U+4ED5,,
765,史,史,U+53F2,U+53F2 U+E0101,CID+13451
766,司,司,U+53F8,,
767,四,四,U+56DB,,
768,市,市,U+5E02,,
769,矢,矢,U+77E2,,
770,旨,旨,U+65E8,,
771,死,死,U+6B7B,,
772,糸,絲,U+7D72,,
773,至,至,U+81F3,,
774,伺,伺,U+4F3A,,
775,志,志,U+5FD7,,
776,私,私,U+79C1,,
777,使,使,U+4F7F,U+4F7F U+E0101,CID+13450
778,刺,刺,U+523A,,
779,始,始,U+59CB,,
780,姉,姉,U+59C9,,
781,枝,枝,U+679D,,
782,祉,祉,U+FA4D,,
783,肢,肢,U+80A2,,
784,姿,姿,U+59FF,U+59FF U+E0101,CID+13792
785,思,思,U+601D,,
786,指,指,U+6307,,
787,施,施,U+65BD,,
788,師,師,U+5E2B,,
789,恣,恣,U+6063,,
790,紙,紙,U+7D19,,
791,脂,脂,U+8102,,
792,視,視,U+FA61,,
793,紫,紫,U+7D2B,,
794,詞,詞,U+8A5E,,
795,歯,齒,U+9F52,,
796,嗣,嗣,U+55E3,,
797,試,試,U+8A66,,
798,詩,詩,U+8A69,,
799,資,資,U+8CC7,U+8CC7 U+E0101,CID+13797
800,飼,飼,U+FA2B,,
801,誌,誌,U+8A8C,,
802,雌,雌,U+96CC,,
803,摯,摯,U+646F,,
804,賜,賜,U+8CDC,,
805,諮,諮,U+8AEE,U+8AEE U+E0101,CID+13795
806,示,示,U+793A,,
807,字,字,U+5B57,,
808,寺,寺,U+5BFA,,
809,次,次,U+6B21,U+6B21 U+E0101,CID+13799
810,耳,耳,U+8033,,
811,自,自,U+81EA,,
812,似,似,U+4F3C,,
813,児,兒,U+5152,,
814,事,事,U+4E8B,,
815,侍,侍,U+4F8D,,
816,治,治,U+6CBB,,
817,持,持,U+6301,,
818,時,時,U+6642,,
819,滋,滋,U+6ECB,,
820,慈,慈,U+6148,,
821,辞,辭,U+8FAD,,
822,磁,磁,U+78C1,,
823,餌,餌,U+990C,,
824,璽,璽,U+74BD,,
825,鹿,鹿,U+9E7F,,
826,式,式,U+5F0F,,
827,識,識,U+8B58,,
828,軸,軸,U+8EF8,,
829,七,七,U+4E03,,
830,𠮟,𠮟,U+20B9F,,
831,失,失,U+5931,,
832,室,室,U+5BA4,,
833,疾,疾,U+75BE,,
834,執,執,U+57F7,,
835,湿,濕,U+6FD5,,
836,嫉,嫉,U+5AC9,,
837,漆,漆,U+6F06,,
838,質,質,U+8CEA,,
839,実,實,U+5BE6,,
840,芝,芝,U+829D,,
841,写,寫,U+5BEB,,
842,社,社,U+FA4C,,
843,車,車,U+8ECA,,
844,舎,舍,U+820D,,
845,者,者,U+FA5B,,
846,射,射,U+5C04,,
847,捨,捨,U+6368,U+6368 U+E0101,CID+13804
848,赦,赦,U+8D66,,
849,斜,斜,U+659C,U+659C U+E0101,CID+13805
850,煮,煮,U+FA48,,
851,遮,遮,U+906E,U+906E U+E0101,CID+7694
852,謝,謝,U+8B1D,U+8B1D U+E0101,CID+13453
853,邪,邪,U+90AA,U+90AA U+E0102,CID+13806
854,蛇,蛇,U+86C7,,
855,尺,尺,U+5C3A,,
856,借,借,U+501F,,
857,酌,酌,U+914C,U+914C U+E0101,CID+13810
858,釈,釋,U+91CB,,
859,爵,爵,U+7235,U+7235 U+E0102,CID+13808
860,若,若,U+82E5,,
861,弱,弱,U+5F31,U+5F31 U+E0101,CID+13811
862,寂,寂,U+5BC2,,
863,手,手,U+624B,,
864,主,主,U+4E3B,U+4E3B U+E0101,CID+13812
865,守,守,U+5B88,,
866,朱,朱,U+6731,,
867,取,取,U+53D6,,
868,狩,狩,U+72E9,,
869,首,首,U+9996,,
870,殊,殊,U+6B8A,,
871,珠,珠,U+73E0,,
872,酒,酒,U+9152,,
873,腫,腫,U+816B,,
874,種,種,U+7A2E,,
875,趣,趣,U+8DA3,,
876,寿,壽,U+58FD,,
877,受,受,U+53D7,U+53D7 U+E0101,CID+13813
878,呪,呪,U+546A,,
879,授,授,U+6388,U+6388 U+E0101,CID+13814
880,需,需,U+9700,,
881,儒,儒,U+5112,,
882,樹,樹,U+6A39,,
883,収,收,U+6536,,
884,囚,囚,U+56DA,,
885,州,州,U+5DDE,,
886,舟,舟,U+821F,,
887,秀,秀,U+79C0,,
888,周,周,U+5468,U+5468 U+E0100,CID+13815
889,宗,宗,U+5B97,,
890,拾,拾,U+62FE,,
891,秋,秋,U+79CB,,
892,臭,臭,U+FA5C,,
893,修,修,U+4FEE,,
894,袖,袖,U+8896,,
895,終,終,U+7D42,U+7D42 U+E0101,CID+13816
896,羞,羞,U+7F9E,,
897,習,習,U+7FD2,U+7FD2 U+E0101,CID+13817
898,週,週,U+9031,U+9031 U+E0101,CID+13819
899,就,就,U+5C31,,
900,衆,衆,U+8846,U+8846 U+E0101,CID+13818
901,集,集,U+96C6,,
902,愁,愁,U+6101,,
903,酬,酬,U+916C,,
904,醜,醜,U+919C,,
905,蹴,蹴,U+8E74,,
906,襲,襲,U+8972,,
907,十,十,U+5341,,
908,汁,汁,U+6C41,,
909,充,充,U+5145,,
910,住,住,U+4F4F,U+4F4F U+E0101,CID+13820
911,柔,柔,U+67D4,,
912,重,重,U+91CD,,
913,従,從,U+5F9E,,
914,渋,澁,U+6F81,,
915,銃,銃,U+9283,,
916,獣,獸,U+7378,,
917,縦,縱,U+7E31,,
918,叔,叔,U+53D4,,
919,祝,祝,U+FA51,,
920,宿,宿,U+5BBF,,
921,淑,淑,U+6DD1,,
922,粛,肅,U+8085,,
923,縮,縮,U+7E2E,,
924,塾,塾,U+587E,,
925,熟,熟,U+719F,,
926,出,出,U+51FA,,
927,述,述,U+8FF0,U+8FF0 U+E0101,CID+13822
928,術,術,U+8853,U+8853 U+E0101,CID+13821
929,俊,俊,U+4FCA,,
930,春,春,U+6625,,
931,瞬,瞬,U+77AC,,
932,旬,旬,U+65EC,,
933,巡,巡,U+5DE1,U+5DE1 U+E0101,CID+13823
934,盾,盾,U+76FE,,
935,准,准,U+51C6,,
936,殉,殉,U+6B89,,
937,純,純,U+7D14,,
938,循,循,U+5FAA,,
939,順,順,U+9806,,
940,準,準,U+6E96,,
941,潤,潤,U+6F64,U+6F64 U+E0101,CID+20166
942,遵,遵,U+9075,U+9075 U+E0101,CID+13824
943,処,處,U+8655,,
944,初,初,U+521D,,
945,所,所,U+6240,U+6240 U+E0101,CID+13826
946,書,書,U+66F8,,
947,庶,庶,U+5EB6,,
948,暑,暑,U+FA43,,
949,署,署,U+FA5A,,
950,緒,緖,U+7DD6,,
951,諸,諸,U+FA22,,
952,女,女,U+5973,,
953,如,如,U+5982,,
954,助,助,U+52A9,,
955,序,序,U+5E8F,,
956,叙,敍,U+654D,,
957,徐,徐,U+5F90,,
958,除,除,U+9664,,
959,小,小,U+5C0F,,
960,升,升,U+5347,,
961,少,少,U+5C11,,
962,召,召,U+53EC,,
963,匠,匠,U+5320,,
964,床,床,U+5E8A,,
965,抄,抄,U+6284,,
966,肖,肖,U+8096,U+8096 U+E0101,CID+13838
967,尚,尙,U+5C19,,
968,招,招,U+62DB,,
969,承,承,U+627F,,
970,昇,昇,U+6607,,
971,松,松,U+677E,U+677E U+E0101,CID+13461
972,沼,沼,U+6CBC,,
973,昭,昭,U+662D,,
974,宵,宵,U+5BB5,U+5BB5 U+E0101,CID+13831
975,将,將,U+5C07,,
976,消,消,U+6D88,U+6D88 U+E0101,CID+13836
977,症,症,U+75C7,,
978,祥,祥,U+FA1A,,
979,称,稱,U+7A31,U+7A31 U+E0101,CID+7846
980,笑,笑,U+7B11,,
981,唱,唱,U+5531,,
982,商,商,U+5546,U+5546 U+E0101,CID+13830
983,渉,涉,U+6D89,,
984,章,章,U+7AE0,,
985,紹,紹,U+7D39,,
986,訟,訟,U+8A1F,U+8A1F U+E0101,CID+13462
987,勝,勝,U+52DD,U+52DD U+E0101,CID+13829
988,掌,掌,U+638C,,
989,晶,晶,U+6676,,
990,焼,燒,U+71D2,,
991,焦,焦,U+7126,,
992,硝,硝,U+785D,U+785D U+E0101,CID+13837
993,粧,粧,U+7CA7,,
994,詔,詔,U+8A54,,
995,証,證,U+8B49,,
996,象,象,U+8C61,,
997,傷,傷,U+50B7,,
998,奨,奬,U+596C,,
999,照,照,U+7167,,
1000,詳,詳,U+8A73,,
1001,彰,彰,U+5F70,,
1002,障,障,U+969C,,
1003,憧,憧,U+61A7,,
1004,衝,衝,U+885D,,
1005,賞,賞,U+8CDE,,
1006,償,償,U+511F,,
1007,礁,礁,U+7901,,
1008,鐘,鐘,U+9418,,
1009,上,上,U+4E0A,,
1010,丈,丈,U+4E08,U+4E08 U+E0101,CID+13463
1011,冗,冗,U+5197,,
1012,条,條,U+689D,,
1013,状,狀,U+72C0,,
1014,乗,乘,U+4E58,,
1015,城,城,U+57CE,U+57CE U+E0101,CID+2515
1016,浄,淨,U+6DE8,,
1017,剰,剩,U+5269,,
1018,常,常,U+5E38,,
1019,情,情,U+60C5,U+60C5 U+E0101,CID+13842
1020,場,場,U+5834,,
1021,畳,疊,U+758A,,
1022,蒸,蒸,U+84B8,,
1023,縄,繩,U+7E69,,
1024,壌,壤,U+58E4,,
1025,嬢,孃,U+5B43,,
1026,錠,錠,U+9320,,
1027,譲,讓,U+8B93,,
1028,醸,釀,U+91C0,,
1029,色,色,U+8272,,
1030,拭,拭,U+62ED,,
1031,食,食,U+98DF,U+98DF U+E0101,CID+13847
1032,植,植,U+690D,U+690D U+E0102,CID+13845
1033,殖,殖,U+6B96,U+6B96 U+E0101,CID+13846
1034,飾,飾,U+98FE,U+98FE U+E0101,CID+13844
1035,触,觸,U+89F8,,
1036,嘱,囑,U+56D1,,
1037,織,織,U+7E54,,
1038,職,職,U+8077,,
1039,辱,辱,U+8FB1,,
1040,尻,尻,U+5C3B,,
1041,心,心,U+5FC3,,
1042,申,申,U+7533,,
1043,伸,伸,U+4F38,,
1044,臣,臣,U+81E3,,
1045,芯,芯,U+82AF,,
1046,身,身,U+8EAB,,
1047,辛,辛,U+8F9B,,
1048,侵,侵,U+4FB5,U+4FB5 U+E0101,CID+13851
1049,信,信,U+4FE1,,
1050,津,津,U+6D25,,
1051,神,神,U+FA19,,
1052,唇,唇,U+5507,,
1053,娠,娠,U+5A20,,
1054,振,振,U+632F,,
1055,浸,浸,U+6D78,U+6D78 U+E0101,CID+13853
1056,真,眞,U+771E,U+771E U+E0100,CID+13357
1057,針,針,U+91DD,,
1058,深,深,U+6DF1,,
1059,紳,紳,U+7D33,,
1060,進,進,U+9032,U+9032 U+E0101,CID+13855
1061,森,森,U+68EE,,
1062,診,診,U+8A3A,,
1063,寝,寢,U+5BE2,,
1064,慎,愼,U+613C,U+614E U+E0100,CID+13356
1065,新,新,U+65B0,,
1066,審,審,U+5BE9,,
1067,震,震,U+9707,,
1068,薪,薪,U+85AA,,
1069,親,親,U+89AA,,
1070,人,人,U+4EBA,,
1071,刃,刃,U+5203,U+5203 U+E0101,CID+13858
1072,仁,仁,U+4EC1,,
1073,尽,盡,U+76E1,,
1074,迅,迅,U+8FC5,U+8FC5 U+E0101,CID+13862
1075,甚,甚,U+751A,,
1076,陣,陣,U+9663,,
1077,尋,尋,U+5C0B,U+5C0B U+E0101,CID+13859
1078,腎,腎,U+814E,,
1079,須,須,U+9808,,
1080,図,圖,U+5716,,
1081,水,水,U+6C34,,
1082,吹,吹,U+5439,,
1083,垂,垂,U+5782,,
1084,炊,炊,U+708A,,
1085,帥,帥,U+5E25,,
1086,粋,粹,U+7CB9,,
1087,衰,衰,U+8870,U+8870 U+E0101,CID+13863
1088,推,推,U+63A8,,
1089,酔,醉,U+9189,,
1090,遂,遂,U+9042,U+9042 U+E0102,CID+13864
1091,睡,睡,U+7761,,
1092,穂,穗,U+7A57,,
1093,随,隨,U+96A8,,
1094,髄,髓,U+9AD3,,
1095,枢,樞,U+6A1E,,
1096,崇,崇,U+5D07,,
1097,数,數,U+6578,,
1098,据,据,U+636E,,
1099,杉,杉,U+6749,,
1100,裾,裾,U+88FE,,
1101,寸,寸,U+5BF8,,
1102,瀬,瀨,U+7028,,
1103,是,是,U+662F,,
1104,井,井,U+4E95,,
1105,世,世,U+4E16,,
1106,正,正,U+6B63,,
1107,生,生,U+751F,,
1108,成,成,U+6210,U+6210 U+E0101,CID+13867
1109,西,西,U+897F,,
1110,声,聲,U+8072,,
1111,制,制,U+5236,,
1112,姓,姓,U+59D3,,
1113,征,征,U+5F81,,
1114,性,性,U+6027,,
1115,青,青,U+9752,,
1116,斉,齊,U+9F4A,,
1117,政,政,U+653F,,
1118,星,星,U+661F,,
1119,牲,牲,U+7272,,
1120,省,省,U+7701,,
1121,凄,凄,U+51C4,,
1122,逝,逝,U+901D,U+901D U+E0101,CID+7714
1123,清,清,U+6DF8,,
1124,盛,盛,U+76DB,U+76DB U+E0101,CID+13868
1125,婿,婿,U+5A7F,,
1126,晴,晴,U+FA12,,
1127,勢,勢,U+52E2,,
1128,聖,聖,U+8056,U+8056 U+E0101,CID+13869
1129,誠,誠,U+8AA0,U+8AA0 U+E0101,CID+13871
1130,精,精,U+FA1D,,
1131,製,製,U+88FD,,
1132,誓,誓,U+8A93,,
1133,静,靜,U+975C,,
1134,請,請,U+8ACB,U+8ACB U+E0101,CID+13872
1135,整,整,U+6574,,
1136,醒,醒,U+9192,,
1137,税,稅,U+7A05,,
1138,夕,夕,U+5915,,
1139,斥,斥,U+65A5,,
1140,石,石,U+77F3,,
1141,赤,赤,U+8D64,,
1142,昔,昔,U+6614,,
1143,析,析,U+6790,,
1144,席,席,U+5E2D,,
1145,脊,脊,U+810A,,
1146,隻,隻,U+96BB,U+96BB U+E0101,CID+13877
1147,惜,惜,U+60DC,,
1148,戚,戚,U+621A,,
1149,責,責,U+8CAC,,
1150,跡,跡,U+8DE1,,
1151,積,積,U+7A4D,,
1152,績,績,U+7E3E,,
1153,籍,籍,U+7C4D,U+7C4D U+E0101,CID+13878
1154,切,切,U+5207,,
1155,折,折,U+6298,,
1156,拙,拙,U+62D9,,
1157,窃,竊,U+7ACA,,
1158,接,接,U+63A5,,
1159,設,設,U+8A2D,,
1160,雪,雪,U+96EA,U+96EA U+E0101,CID+13881
1161,摂,攝,U+651D,,
1162,節,節,U+FA56,,
1163,説,說,U+8AAA,,
1164,舌,舌,U+820C,,
1165,絶,絕,U+7D55,,
1166,千,千,U+5343,,
1167,川,川,U+5DDD,,
1168,仙,仙,U+4ED9,,
1169,占,占,U+5360,,
1170,先,先,U+5148,,
1171,宣,宣,U+5BA3,,
1172,専,專,U+5C08,,
1173,泉,泉,U+6CC9,,
1174,浅,淺,U+6DFA,,
1175,洗,洗,U+6D17,,
1176,染,染,U+67D3,,
1177,扇,扇,U+6247,U+6247 U+E0101,CID+13883
1178,栓,栓,U+6813,U+6813 U+E0101,CID+7717
1179,旋,旋,U+65CB,,
1180,船,船,U+8239,U+8239 U+E0102,CID+13886
1181,戦,戰,U+6230,,
1182,煎,煎,U+714E,,
1183,羨,羨,U+7FA8,,
1184,腺,腺,U+817A,,
1185,詮,詮,U+8A6E,,
1186,践,踐,U+8E10,,
1187,箋,箋,U+7B8B,,
1188,銭,錢,U+9322,,
1189,潜,潛,U+6F5B,,
1190,線,線,U+7DDA,,
1191,遷,遷,U+9077,U+9077 U+E0101,CID+13888
1192,選,選,U+9078,U+9078 U+E0101,CID+13887
1193,薦,薦,U+85A6,,
1194,繊,纖,U+7E96,,
1195,鮮,鮮,U+9BAE,,
1196,全,全,U+5168,U+5168 U+E0101,CID+13890
1197,前,前,U+524D,U+524D U+E0101,CID+13889
1198,善,善,U+5584,,
1199,然,然,U+7136,,
1200,禅,禪,U+79AA,,
1201,漸,漸,U+6F38,,
1202,膳,膳,U+81B3,,
1203,繕,繕,U+7E55,,
1204,狙,狙,U+72D9,,
1205,阻,阻,U+963B,,
1206,祖,祖,U+FA50,,
1207,租,租,U+79DF,,
1208,素,素,U+7D20,,
1209,措,措,U+63AA,,
1210,粗,粗,U+7C97,,
1211,組,組,U+7D44,,
1212,疎,疎,U+758E,,
1213,訴,訴,U+8A34,,
1214,塑,塑,U+5851,,
1215,遡,遡,U+9061,,
1216,礎,礎,U+790E,,
1217,双,雙,U+96D9,U+96D9 U+E0101,CID+13525
1218,壮,壯,U+58EF,,
1219,早,早,U+65E9,,
1220,争,爭,U+722D,,
1221,走,走,U+8D70,,
1222,奏,奏,U+594F,,
1223,相,相,U+76F8,,
1224,荘,莊,U+838A,,
1225,草,草,U+8349,,
1226,送,送,U+9001,U+9001 U+E0101,CID+13895
1227,倉,倉,U+5009,,
1228,捜,搜,U+641C,,
1229,挿,插,U+63D2,,
1230,桑,桑,U+6851,,
1231,巣,巢,U+5DE2,,
1232,掃,掃,U+6383,U+6383 U+E0101,CID+13891
1233,曹,曹,U+66F9,,
1234,曽,曾,U+66FE,,
1235,爽,爽,U+723D,,
1236,窓,窓,U+7A93,,
1237,創,創,U+5275,,
1238,喪,喪,U+55AA,,
1239,痩,瘦,U+7626,,
1240,葬,葬,U+846C,,
1241,装,裝,U+88DD,,
1242,僧,僧,U+FA31,,
1243,想,想,U+60F3,,
1244,層,層,U+FA3B,,
1245,総,總,U+7E3D,,
1246,遭,遭,U+906D,U+906D U+E0101,CID+13896
1247,槽,槽,U+69FD,,
1248,踪,踪,U+8E2A,,
1249,操,操,U+64CD,,
1250,燥,燥,U+71E5,,
1251,霜,霜,U+971C,,
1252,騒,騷,U+9A37,,
1253,藻,藻,U+85FB,,
1254,造,造,U+9020,U+9020 U+E0101,CID+13897
1255,像,像,U+50CF,,
1256,増,增,U+589E,,
1257,憎,憎,U+FA3F,,
1258,蔵,藏,U+85CF,,
1259,贈,贈,U+FA65,,
1260,臓,臟,U+81DF,,
1261,即,卽,U+537D,,
1262,束,束,U+675F,,
1263,足,足,U+8DB3,,
1264,促,促,U+4FC3,,
1265,則,則,U+5247,,
1266,息,息,U+606F,,
1267,捉,捉,U+6349,,
1268,速,速,U+901F,U+901F U+E0101,CID+13899
1269,側,側,U+5074,,
1270,測,測,U+6E2C,,
1271,俗,俗,U+4FD7,,
1272,族,族,U+65CF,,
1273,属,屬,U+5C6C,,
1274,賊,賊,U+8CCA,U+8CCA U+E0101,CID+13900
1275,続,續,U+7E8C,,
1276,卒,卒,U+5352,,
1277,率,率,U+7387,U+7387 U+E0101,CID+14085
1278,存,存,U+5B58,,
1279,村,村,U+6751,,
1280,孫,孫,U+5B6B,,
1281,尊,尊,U+5C0A,U+5C0A U+E0101,CID+13901
1282,損,損,U+640D,,
1283,遜,遜,U+905C,U+905C U+E0101,CID+7726
1284,他,他,U+4ED6,,
1285,多,多,U+591A,,
1286,汰,汰,U+6C70,,
1287,打,打,U+6253,,
1288,妥,妥,U+59A5,U+59A5 U+E0101,CID+13903
1289,唾,唾,U+553E,,
1290,堕,墮,U+58AE,,
1291,惰,惰,U+60F0,,
1292,駄,駄,U+99C4,,
1293,太,太,U+592A,,
1294,対,對,U+5C0D,,
1295,体,體,U+9AD4,,
1296,耐,耐,U+8010,,
1297,待,待,U+5F85,,
1298,怠,怠,U+6020,,
1299,胎,胎,U+80CE,,
1300,退,退,U+9000,U+9000 U+E0101,CID+13905
1301,帯,帶,U+5E36,,
1302,泰,泰,U+6CF0,,
1303,堆,堆,U+5806,,
1304,袋,袋,U+888B,,
1305,逮,逮,U+902E,U+902E U+E0101,CID+13906
1306,替,替,U+66FF,,
1307,貸,貸,U+8CB8,,
1308,隊,隊,U+968A,U+968A U+E0101,CID+13907
1309,滞,滯,U+6EEF,,
1310,態,態,U+614B,,
1311,戴,戴,U+6234,,
1312,大,大,U+5927,,
1313,代,代,U+4EE3,,
1314,台,臺,U+81FA,,
1315,第,第,U+7B2C,,
1316,題,題,U+984C,,
1317,滝,瀧,U+7027,,
1318,宅,宅,U+5B85,,
1319,択,擇,U+64C7,,
1320,沢,澤,U+6FA4,,
1321,卓,卓,U+5353,,
1322,拓,拓,U+62D3,,
1323,託,託,U+8A17,,
1324,濯,濯,U+6FEF,U+6FEF U+E0101,CID+7731
1325,諾,諾,U+8AFE,,
1326,濁,濁,U+6FC1,,
1327,但,但,U+4F46,,
1328,達,達,U+9054,U+9054 U+E0101,CID+13912
1329,脱,脫,U+812B,,
1330,奪,奪,U+596A,,
1331,棚,棚,U+68DA,,
1332,誰,誰,U+8AB0,,
1333,丹,丹,U+4E39,,
1334,旦,旦,U+65E6,,
1335,担,擔,U+64D4,,
1336,単,單,U+55AE,,
1337,炭,炭,U+70AD,U+70AD U+E0101,CID+13916
1338,胆,膽,U+81BD,,
1339,探,探,U+63A2,,
1340,淡,淡,U+6DE1,,
1341,短,短,U+77ED,,
1342,嘆,嘆,U+FA37,,
1343,端,端,U+7AEF,,
1344,綻,綻,U+7DBB,,
1345,誕,誕,U+8A95,U+8A95 U+E0102,CID+13917
1346,鍛,鍛,U+935B,,
1347,団,團,U+5718,,
1348,男,男,U+7537,,
1349,段,段,U+6BB5,,
1350,断,斷,U+65B7,,
1351,弾,彈,U+5F48,,
1352,暖,暖,U+6696,U+6696 U+E0101,CID+13918
1353,談,談,U+8AC7,,
1354,壇,壇,U+58C7,,
1355,地,地,U+5730,,
1356,池,池,U+6C60,,
1357,知,知,U+77E5,,
1358,値,値,U+5024,U+5024 U+E0101,CID+13919
1359,恥,恥,U+6065,,
1360,致,致,U+81F4,,
1361,遅,遲,U+9072,,
1362,痴,癡,U+7661,,
1363,稚,稚,U+7A1A,,
1364,置,置,U+7F6E,U+7F6E U+E0101,CID+13920
1365,緻,緻,U+7DFB,,
1366,竹,竹,U+7AF9,,
1367,畜,畜,U+755C,,
1368,逐,逐,U+9010,U+9010 U+E0101,CID+13924
1369,蓄,蓄,U+84C4,,
1370,築,築,U+7BC9,U+7BC9 U+E0101,CID+13921
1371,秩,秩,U+79E9,,
1372,窒,窒,U+7A92,,
1373,茶,茶,U+8336,,
1374,着,着,U+7740,,
1375,嫡,嫡,U+5AE1,,
1376,中,中,U+4E2D,,
1377,仲,仲,U+4EF2,,
1378,虫,蟲,U+87F2,,
1379,沖,沖,U+6C96,,
1380,宙,宙,U+5B99,,
1381,忠,忠,U+5FE0,,
1382,抽,抽,U+62BD,,
1383,注,注,U+6CE8,U+6CE8 U+E0101,CID+13926
1384,昼,晝,U+665D,,
1385,柱,柱,U+67F1,U+67F1 U+E0101,CID+13925
1386,衷,衷,U+8877,U+8877 U+E0101,CID+20214
1387,酎,酎,U+914E,,
1388,鋳,鑄,U+9444,,
1389,駐,駐,U+99D0,U+99D0 U+E0101,CID+13927
1390,著,著,U+FA5F,,
1391,貯,貯,U+8CAF,,
1392,丁,丁,U+4E01,,
1393,弔,弔,U+5F14,,
1394,庁,廳,U+5EF3,,
1395,兆,兆,U+5146,U+5146 U+E0101,CID+13477
1396,町,町,U+753A,,
1397,長,長,U+9577,,
1398,挑,挑,U+6311,,
1399,帳,帳,U+5E33,,
1400,張,張,U+5F35,,
1401,彫,彫,U+5F6B,U+5F6B U+E0101,CID+13928
1402,眺,眺,U+773A,U+773A U+E0101,CID+13478
1403,釣,釣,U+91E3,,
1404,頂,頂,U+9802,,
1405,鳥,鳥,U+9CE5,,
1406,朝,朝,U+671D,U+671D U+E0101,CID+13931
1407,貼,貼,U+8CBC,,
1408,超,超,U+8D85,,
1409,腸,腸,U+8178,,
1410,跳,跳,U+8DF3,U+8DF3 U+E0101,CID+13480
1411,徴,徵,U+5FB5,U+5FB5 U+E0101,CID+13929
1412,嘲,嘲,U+5632,U+5632 U+E0101,CID+7821
1413,潮,潮,U+6F6E,U+6F6E U+E0100,CID+13932
1414,澄,澄,U+6F84,,
1415,調,調,U+8ABF,U+8ABF U+E0101,CID+13933
1416,聴,聽,U+807D,,
1417,懲,懲,U+FA40,,
1418,直,直,U+76F4,U+76F4 U+E0101,CID+13934
1419,勅,敕,U+6555,,
1420,捗,捗,U+6357,,
1421,沈,沈,U+6C88,,
1422,珍,珍,U+73CD,,
1423,朕,朕,U+6715,U+6715 U+E0102,CID+13936
1424,陳,陳,U+9673,,
1425,賃,賃,U+8CC3,,
1426,鎮,鎮,U+93AE,U+93AE U+E0101,CID+13370
1427,追,追,U+8FFD,U+8FFD U+E0101,CID+13938
1428,椎,椎,U+690E,,
1429,墜,墜,U+589C,U+589C U+E0101,CID+13937
1430,通,通,U+901A,U+901A U+E0101,CID+13939
1431,痛,痛,U+75DB,,
1432,塚,塚,U+FA10,,
1433,漬,漬,U+6F2C,,
1434,坪,坪,U+576A,U+576A U+E0101,CID+13940
1435,爪,爪,U+722A,,
1436,鶴,鶴,U+9DB4,,
1437,低,低,U+4F4E,,
1438,呈,呈,U+5448,U+5448 U+E0101,CID+13942
1439,廷,廷,U+5EF7,U+5EF7 U+E0101,CID+13482
1440,弟,弟,U+5F1F,,
1441,定,定,U+5B9A,,
1442,底,底,U+5E95,,
1443,抵,抵,U+62B5,,
1444,邸,邸,U+90B8,,
1445,亭,亭,U+4EAD,,
1446,貞,貞,U+8C9E,,
1447,帝,帝,U+5E1D,U+5E1D U+E0101,CID+13943
1448,訂,訂,U+8A02,,
1449,庭,庭,U+5EAD,U+5EAD U+E0101,CID+13481
1450,逓,遞,U+905E,,
1451,停,停,U+505C,,
1452,偵,偵,U+5075,,
1453,堤,堤,U+5824,,
1454,提,提,U+63D0,,
1455,程,程,U+7A0B,U+7A0B U+E0101,CID+13944
1456,艇,艇,U+8247,U+8247 U+E0101,CID+13483
1457,締,締,U+7DE0,,
1458,諦,諦,U+8AE6,,
1459,泥,泥,U+6CE5,,
1460,的,的,U+7684,,
1461,笛,笛,U+7B1B,,
1462,摘,摘,U+6458,,
1463,滴,滴,U+6EF4,,
1464,適,適,U+9069,U+9069 U+E0101,CID+13946
1465,敵,敵,U+6575,,
1466,溺,溺,U+6EBA,,
1467,迭,迭,U+8FED,U+8FED U+E0101,CID+13947
1468,哲,哲,U+54F2,,
1469,鉄,鐵,U+9435,,
1470,徹,徹,U+5FB9,,
1471,撤,撤,U+64A4,,
1472,天,天,U+5929,,
1473,典,典,U+5178,,
1474,店,店,U+5E97,,
1475,点,點,U+9EDE,,
1476,展,展,U+5C55,,
1477,添,添,U+6DFB,U+6DFB U+E0101,CID+13948
1478,転,轉,U+8F49,,
1479,塡,塡,U+5861,,
1480,田,田,U+7530,,
1481,伝,傳,U+50B3,,
1482,殿,殿,U+6BBF,,
1483,電,電,U+96FB,,
1484,斗,斗,U+6597,,
1485,吐,吐,U+5410,,
1486,妬,妬,U+59AC,,
1487,徒,徒,U+5F92,,
1488,途,途,U+9014,U+9014 U+E0101,CID+13950
1489,都,都,U+FA26,,
1490,渡,渡,U+6E21,,
1491,塗,塗,U+5857,,
1492,賭,賭,U+8CED,,
1493,土,土,U+571F,,
1494,奴,奴,U+5974,,
1495,努,努,U+52AA,,
1496,度,度,U+5EA6,,
1497,怒,怒,U+6012,,
1498,刀,刀,U+5200,,
1499,冬,冬,U+51AC,U+51AC U+E0100,CID+13954
1500,灯,燈,U+71C8,,
1501,当,當,U+7576,,
1502,投,投,U+6295,,
1503,豆,豆,U+8C46,,
1504,東,東,U+6771,,
1505,到,到,U+5230,,
1506,逃,逃,U+9003,U+9003 U+E0102,CID+13959
1507,倒,倒,U+5012,,
1508,凍,凍,U+51CD,,
1509,唐,唐,U+5510,U+5510 U+E0101,CID+13955
1510,島,島,U+5CF6,,
1511,桃,桃,U+6843,U+6843 U+E0101,CID+13484
1512,討,討,U+8A0E,,
1513,透,透,U+900F,U+900F U+E0101,CID+13960
1514,党,黨,U+9EE8,,
1515,悼,悼,U+60BC,,
1516,盗,盜,U+76DC,,
1517,陶,陶,U+9676,,
1518,塔,塔,U+5854,,
1519,搭,搭,U+642D,,
1520,棟,棟,U+68DF,,
1521,湯,湯,U+6E6F,,
1522,痘,痘,U+75D8,,
1523,登,登,U+767B,,
1524,答,答,U+7B54,,
1525,等,等,U+7B49,,
1526,筒,筒,U+7B52,,
1527,統,統,U+7D71,,
1528,稲,稻,U+7A3B,,
1529,踏,踏,U+8E0F,,
1530,糖,糖,U+7CD6,U+7CD6 U+E0100,CID+13956
1531,頭,頭,U+982D,,
1532,謄,謄,U+8B04,U+8B04 U+E0101,CID+13958
1533,藤,藤,U+85E4,U+85E4 U+E0101,CID+13957
1534,闘,鬪,U+9B2A,,
1535,騰,騰,U+9A30,U+9A30 U+E0101,CID+13961
1536,同,同,U+540C,,
1537,洞,洞,U+6D1E,,
1538,胴,胴,U+80F4,,
1539,動,動,U+52D5,,
1540,堂,堂,U+5802,,
1541,童,童,U+7AE5,,
1542,道,道,U+9053,U+9053 U+E0101,CID+13963
1543,働,働,U+50CD,,
1544,銅,銅,U+9285,,
1545,導,導,U+5C0E,U+5C0E U+E0101,CID+13962
1546,瞳,瞳,U+77B3,,
1547,峠,峠,U+5CE0,,
1548,匿,匿,U+533F,U+533F U+E0101,CID+20087
1549,特,特,U+7279,,
1550,得,得,U+5F97,,
1551,督,督,U+7763,,
1552,徳,德,U+5FB7,,
1553,篤,篤,U+7BE4,,
1554,毒,毒,U+6BD2,,
1555,独,獨,U+7368,,
1556,読,讀,U+8B80,,
1557,栃,栃,U+6803,,
1558,凸,凸,U+51F8,,
1559,突,突,U+FA55,,
1560,届,屆,U+5C46,,
1561,屯,屯,U+5C6F,,
1562,豚,豚,U+8C5A,,
1563,頓,頓,U+9813,,
1564,貪,貪,U+8CAA,,
1565,鈍,鈍,U+920D,,
1566,曇,曇,U+66C7,,
1567,丼,丼,U+4E3C,,
1568,那,那,U+90A3,U+90A3 U+E0101,CID+7765
1569,奈,奈,U+5948,,
1570,內,內,U+5167,,
1571,梨,梨,U+68A8,,
1572,謎,謎,U+8B0E,U+8B0E U+E0101,CID+7766
1573,鍋,鍋,U+934B,,
1574,南,南,U+5357,,
1575,軟,軟,U+8EDF,,
1576,難,難,U+FA68,,
1577,二,二,U+4E8C,,
1578,尼,尼,U+5C3C,,
1579,弐,貳,U+8CB3,,
1580,匂,匂,U+5302,,
1581,肉,肉,U+8089,U+8089 U+E0101,CID+13967
1582,虹,虹,U+8679,,
1583,日,日,U+65E5,,
1584,入,入,U+5165,,
1585,乳,乳,U+4E73,U+4E73 U+E0101,CID+13968
1586,尿,尿,U+5C3F,,
1587,任,任,U+4EFB,,
1588,妊,妊,U+598A,,
1589,忍,忍,U+5FCD,U+5FCD U+E0101,CID+13969
1590,認,認,U+8A8D,U+8A8D U+E0101,CID+13970
1591,寧,寧,U+5BE7,U+5BE7 U+E0100,CID+13971
1592,熱,熱,U+71B1,,
1593,年,年,U+5E74,,
1594,念,念,U+5FF5,,
1595,捻,捻,U+637B,,
1596,粘,粘,U+7C98,,
1597,燃,燃,U+71C3,,
1598,悩,惱,U+60F1,,
1599,納,納,U+7D0D,U+7D0D U+E0101,CID+13972
1600,能,能,U+80FD,,
1601,脳,腦,U+8166,,
1602,農,農,U+8FB2,,
1603,濃,濃,U+6FC3,,
1604,把,把,U+628A,,
1605,波,波,U+6CE2,,
1606,派,派,U+6D3E,U+6D3E U+E0102,CID+13974
1607,破,破,U+7834,,
1608,覇,霸,U+9738,,
1609,馬,馬,U+99AC,,
1610,婆,婆,U+5A46,,
1611,罵,罵,U+7F75,,
1612,拝,拜,U+62DC,,
1613,杯,杯,U+676F,,
1614,背,背,U+80CC,,
1615,肺,肺,U+80BA,U+80BA U+E0101,CID+13975
1616,俳,俳,U+4FF3,,
1617,配,配,U+914D,,
1618,排,排,U+6392,U+6392 U+E0101,CID+13487
1619,敗,敗,U+6557,,
1620,廃,廢,U+5EE2,,
1621,輩,輩,U+8F29,U+8F29 U+E0101,CID+13488
1622,売,賣,U+8CE3,,
1623,倍,倍,U+500D,,
1624,梅,梅,U+FA44,,
1625,培,培,U+57F9,,
1626,陪,陪,U+966A,,
1627,媒,媒,U+5A92,,
1628,買,買,U+8CB7,,
1629,賠,賠,U+8CE0,,
1630,白,白,U+767D,,
1631,伯,伯,U+4F2F,,
1632,拍,拍,U+62CD,,
1633,泊,泊,U+6CCA,,
1634,迫,迫,U+8FEB,U+8FEB U+E0101,CID+13978
1635,剝,剝,U+525D,,
1636,舶,舶,U+8236,,
1637,博,博,U+535A,U+535A U+E0101,CID+13976
1638,薄,薄,U+8584,U+8584 U+E0101,CID+13977
1639,麦,麥,U+9EA5,,
1640,漠,漠,U+6F20,,
1641,縛,縛,U+7E1B,U+7E1B U+E0101,CID+13979
1642,爆,爆,U+7206,,
1643,箱,箱,U+7BB1,,
1644,箸,箸,U+7BB8,,
1645,畑,畑,U+7551,,
1646,肌,肌,U+808C,,
1647,八,八,U+516B,,
1648,鉢,鉢,U+9262,,
1649,発,發,U+767C,,
1650,髪,髮,U+9AEE,,
1651,伐,伐,U+4F10,,
1652,抜,拔,U+62D4,,
1653,罰,罰,U+7F70,,
1654,閥,閥,U+95A5,,
1655,反,反,U+53CD,,
1656,半,半,U+534A,U+534A U+E0101,CID+13986
1657,氾,氾,U+6C3E,,
1658,犯,犯,U+72AF,,
1659,帆,帆,U+5E06,,
1660,汎,汎,U+6C4E,,
1661,伴,伴,U+4F34,U+4F34 U+E0101,CID+13984
1662,判,判,U+5224,U+5224 U+E0101,CID+13985
1663,坂,坂,U+5742,,
1664,阪,阪,U+962A,,
1665,板,板,U+677F,,
1666,版,版,U+7248,,
1667,班,班,U+73ED,U+73ED U+E0101,CID+13489
1668,畔,畔,U+7554,U+7554 U+E0101,CID+13988
1669,般,般,U+822C,,
1670,販,販,U+8CA9,,
1671,斑,斑,U+6591,,
1672,飯,飯,U+FA2A,,
1673,搬,搬,U+642C,,
1674,煩,煩,U+7169,,
1675,頒,頒,U+9812,U+9812 U+E0101,CID+13490
1676,範,範,U+7BC4,,
1677,繁,繁,U+FA59,,
1678,藩,藩,U+85E9,,
1679,晩,晚,U+665A,,
1680,番,番,U+756A,,
1681,蛮,蠻,U+883B,,
1682,盤,盤,U+76E4,,
1683,比,比,U+6BD4,,
1684,皮,皮,U+76AE,,
1685,妃,妃,U+5983,,
1686,否,否,U+5426,,
1687,批,批,U+6279,,
1688,彼,彼,U+5F7C,,
1689,披,披,U+62AB,,
1690,肥,肥,U+80A5,,
1691,非,非,U+975E,,
1692,卑,卑,U+FA35,,
1693,飛,飛,U+98DB,,
1694,疲,疲,U+75B2,,
1695,秘,祕,U+7955,,
1696,被,被,U+88AB,,
1697,悲,悲,U+60B2,U+60B2 U+E0101,CID+13491
1698,扉,扉,U+6249,U+6249 U+E0101,CID+7779
1699,費,費,U+8CBB,,
1700,碑,碑,U+FA4B,,
1701,罷,罷,U+7F77,,
1702,避,避,U+907F,U+907F U+E0101,CID+13991
1703,尾,尾,U+5C3E,,
1704,眉,眉,U+7709,,
1705,美,美,U+7F8E,,
1706,備,備,U+5099,,
1707,微,微,U+5FAE,,
1708,鼻,鼻,U+9F3B,U+9F3B U+E0101,CID+13993
1709,膝,膝,U+819D,,
1710,肘,肘,U+8098,,
1711,匹,匹,U+5339,U+5339 U+E0101,CID+13994
1712,必,必,U+5FC5,,
1713,泌,泌,U+6CCC,,
1714,筆,筆,U+7B46,,
1715,姫,姬,U+59EC,,
1716,百,百,U+767E,,
1717,氷,氷,U+6C37,,
1718,表,表,U+8868,,
1719,俵,俵,U+4FF5,,
1720,票,票,U+7968,,
1721,評,評,U+8A55,U+8A55 U+E0101,CID+13999
1722,漂,漂,U+6F02,,
1723,標,標,U+6A19,,
1724,苗,苗,U+82D7,,
1725,秒,秒,U+79D2,,
1726,病,病,U+75C5,U+75C5 U+E0101,CID+14001
1727,描,描,U+63CF,,
1728,猫,猫,U+732B,,
1729,品,品,U+54C1,,
1730,浜,濱,U+6FF1,,
1731,貧,貧,U+8CA7,U+8CA7 U+E0101,CID+13496
1732,賓,賓,U+FA64,,
1733,頻,頻,U+FA6A,,
1734,敏,敏,U+FA41,,
1735,瓶,甁,U+7501,,
1736,不,不,U+4E0D,,
1737,夫,夫,U+592B,,
1738,父,父,U+7236,U+7236 U+E0101,CID+13497
1739,付,付,U+4ED8,,
1740,布,布,U+5E03,,
1741,扶,扶,U+6276,,
1742,府,府,U+5E9C,,
1743,怖,怖,U+6016,,
1744,阜,阜,U+961C,,
1745,附,附,U+9644,,
1746,訃,訃,U+8A03,,
1747,負,負,U+8CA0,U+8CA0 U+E0101,CID+14005
1748,赴,赴,U+8D74,,
1749,浮,浮,U+6D6E,U+6D6E U+E0101,CID+14004
1750,婦,婦,U+5A66,U+5A66 U+E0101,CID+14002
1751,符,符,U+7B26,,
1752,富,富,U+5BCC,,
1753,普,普,U+666E,,
1754,腐,腐,U+8150,,
1755,敷,敷,U+6577,U+6577 U+E0101,CID+14003
1756,膚,膚,U+819A,,
1757,賦,賦,U+8CE6,,
1758,譜,譜,U+8B5C,,
1759,侮,侮,U+FA30,,
1760,武,武,U+6B66,,
1761,部,部,U+90E8,,
1762,舞,舞,U+821E,,
1763,封,封,U+5C01,,
1764,風,風,U+98A8,,
1765,伏,伏,U+4F0F,,
1766,服,服,U+670D,U+670D U+E0101,CID+14007
1767,副,副,U+526F,,
1768,幅,幅,U+5E45,,
1769,復,復,U+5FA9,,
1770,福,福,U+FA1B,,
1771,腹,腹,U+8179,,
1772,複,複,U+8907,,
1773,覆,覆,U+8986,U+8986 U+E0101,CID+14008
1774,払,拂,U+62C2,,
1775,沸,沸,U+6CB8,,
1776,仏,佛,U+4F5B,,
1777,物,物,U+7269,,
1778,粉,粉,U+7C89,U+7C89 U+E0101,CID+13502
1779,紛,紛,U+7D1B,U+7D1B U+E0101,CID+13503
1780,雰,雰,U+96F0,U+96F0 U+E0101,CID+13504
1781,噴,噴,U+5674,,
1782,墳,墳,U+58B3,,
1783,憤,憤,U+61A4,,
1784,奮,奮,U+596E,,
1785,分,分,U+5206,U+5206 U+E0101,CID+13499
1786,文,文,U+6587,U+6587 U+E0101,CID+20131
1787,聞,聞,U+805E,,
1788,丙,丙,U+4E19,U+4E19 U+E0101,CID+14009
1789,平,平,U+5E73,U+5E73 U+E0101,CID+14011
1790,兵,兵,U+5175,,
1791,併,倂,U+5002,,
1792,並,竝,U+7ADD,,
1793,柄,柄,U+67C4,U+67C4 U+E0101,CID+20145
1794,陛,陛,U+965B,,
1795,閉,閉,U+9589,,
1796,塀,塀,U+FA39,,
1797,幣,幣,U+5E63,U+5E63 U+E0101,CID+14010
1798,弊,弊,U+5F0A,U+5F0A U+E0101,CID+14012
1799,蔽,蔽,U+853D,,
1800,餅,餠,U+9920,,
1801,米,米,U+7C73,,
1802,壁,壁,U+58C1,,
1803,璧,璧,U+74A7,,
1804,癖,癖,U+7656,,
1805,別,別,U+5225,,
1806,蔑,蔑,U+8511,,
1807,片,片,U+7247,,
1808,辺,邊,U+908A,,
1809,返,返,U+8FD4,U+8FD4 U+E0101,CID+14016
1810,変,變,U+8B8A,,
1811,偏,偏,U+504F,U+504F U+E0101,CID+14014
1812,遍,遍,U+904D,U+904D U+E0101,CID+14017
1813,編,編,U+7DE8,U+7DE8 U+E0101,CID+14015
1814,弁,辨瓣辯,U+8FA8 U+74E3 U+8FAF,,
1815,便,便,U+4FBF,U+4FBF U+E0101,CID+13506
1816,勉,勉,U+FA33,,
1817,歩,步,U+6B65,,
1818,保,保,U+4FDD,,
1819,哺,哺,U+54FA,,
1820,捕,捕,U+6355,,
1821,補,補,U+88DC,,
1822,舗,舗,U+8217,,
1823,母,母,U+6BCD,,
1824,募,募,U+52DF,,
1825,墓,墓,U+5893,,
1826,慕,慕,U+6155,,
1827,暮,暮,U+66AE,,
1828,簿,簿,U+7C3F,U+7C3F U+E0101,CID+14018
1829,方,方,U+65B9,,
1830,包,包,U+5305,U+5305 U+E0101,CID+14019
1831,芳,芳,U+82B3,,
1832,邦,邦,U+90A6,U+90A6 U+E0102,CID+14028
1833,奉,奉,U+5949,,
1834,宝,寶,U+5BF6,,
1835,抱,抱,U+62B1,U+62B1 U+E0101,CID+14021
1836,放,放,U+653E,,
1837,法,法,U+6CD5,,
1838,泡,泡,U+6CE1,U+6CE1 U+E0101,CID+7793
1839,胞,胞,U+80DE,U+80DE U+E0101,CID+14025
1840,俸,俸,U+4FF8,,
1841,倣,倣,U+5023,,
1842,峰,峰,U+5CF0,,
1843,砲,砲,U+7832,U+7832 U+E0101,CID+14023
1844,崩,崩,U+5D29,U+5D29 U+E0101,CID+14020
1845,訪,訪,U+8A2A,,
1846,報,報,U+5831,,
1847,蜂,蜂,U+8702,,
1848,豊,豐,U+8C50,,
1849,飽,飽,U+98FD,U+98FD U+E0101,CID+14029
1850,褒,襃,U+8943,,
1851,縫,縫,U+7E2B,U+7E2B U+E0101,CID+14024
1852,亡,亡,U+4EA1,U+4EA1 U+E0101,CID+14031
1853,乏,乏,U+4E4F,,
1854,忙,忙,U+5FD9,U+5FD9 U+E0101,CID+14034
1855,坊,坊,U+574A,,
1856,妨,妨,U+59A8,,
1857,忘,忘,U+5FD8,U+5FD8 U+E0101,CID+14033
1858,防,防,U+9632,,
1859,房,房,U+623F,U+623F U+E0101,CID+14035
1860,肪,肪,U+80AA,,
1861,某,某,U+67D0,,
1862,冒,冒,U+5192,U+5192 U+E0101,CID+14038
1863,剖,剖,U+5256,,
1864,紡,紡,U+7D21,,
1865,望,望,U+671B,U+671B U+E0102,CID+14037
1866,傍,傍,U+508D,,
1867,帽,帽,U+5E3D,U+5E3D U+E0101,CID+14032
1868,棒,棒,U+68D2,,
1869,貿,貿,U+8CBF,,
1870,貌,貌,U+8C8C,,
1871,暴,暴,U+66B4,,
1872,膨,膨,U+81A8,,
1873,謀,謀,U+8B00,,
1874,頰,頰,U+9830,,
1875,北,北,U+5317,,
1876,木,木,U+6728,,
1877,朴,朴,U+6734,,
1878,牧,牧,U+7267,,
1879,睦,睦,U+7766,,
1880,僕,僕,U+50D5,,
1881,墨,墨,U+FA3A,,
1882,撲,撲,U+64B2,,
1883,没,没,U+6CA1,,
1884,勃,勃,U+52C3,,
1885,堀,堀,U+5800,,
1886,本,本,U+672C,,
1887,奔,奔,U+5954,,
1888,翻,飜,U+98DC,,
1889,凡,凡,U+51E1,,
1890,盆,盆,U+76C6,U+76C6 U+E0101,CID+13508
1891,麻,麻,U+9EBB,U+9EBB U+E0101,CID+14044
1892,摩,摩,U+6469,U+6469 U+E0101,CID+14039
1893,磨,磨,U+78E8,U+78E8 U+E0101,CID+14042
1894,魔,魔,U+9B54,U+9B54 U+E0101,CID+14043
1895,毎,每,U+6BCF,,
1896,妹,妹,U+59B9,,
1897,枚,枚,U+679A,,
1898,昧,昧,U+6627,,
1899,埋,埋,U+57CB,,
1900,幕,幕,U+5E55,,
1901,膜,膜,U+819C,,
1902,枕,枕,U+6795,,
1903,又,又,U+53C8,,
1904,末,末,U+672B,,
1905,抹,抹,U+62B9,,
1906,万,萬,U+842C,,
1907,満,滿,U+6EFF,,
1908,慢,慢,U+6162,,
1909,漫,漫,U+6F2B,,
1910,未,未,U+672A,,
1911,味,味,U+5473,,
1912,魅,魅,U+9B45,,
1913,岬,岬,U+5CAC,,
1914,密,密,U+5BC6,,
1915,蜜,蜜,U+871C,,
1916,脈,脈,U+8108,U+8108 U+E0102,CID+14051
1917,妙,妙,U+5999,,
1918,民,民,U+6C11,,
1919,眠,眠,U+7720,,
1920,矛,矛,U+77DB,,
1921,務,務,U+52D9,,
1922,無,無,U+7121,,
1923,夢,夢,U+5922,,
1924,霧,霧,U+9727,,
1925,娘,娘,U+5A18,,
1926,名,名,U+540D,,
1927,命,命,U+547D,,
1928,明,明,U+660E,,
1929,迷,迷,U+8FF7,U+8FF7 U+E0101,CID+14054
1930,冥,冥,U+51A5,,
1931,盟,盟,U+76DF,,
1932,銘,銘,U+9298,,
1933,鳴,鳴,U+9CF4,,
1934,滅,滅,U+6EC5,,
1935,免,免,U+FA32,,
1936,面,面,U+9762,,
1937,綿,綿,U+7DBF,,
1938,麺,麵,U+9EB5,,
1939,茂,茂,U+8302,,
1940,模,模,U+6A21,,
1941,毛,毛,U+6BDB,,
1942,妄,妄,U+5984,U+5984 U+E0101,CID+14055
1943,盲,盲,U+76F2,U+76F2 U+E0101,CID+14057
1944,耗,耗,U+8017,U+8017 U+E0101,CID+14058
1945,猛,猛,U+731B,,
1946,網,網,U+7DB2,,
1947,目,目,U+76EE,,
1948,黙,默,U+9ED8,,
1949,門,門,U+9580,,
1950,紋,紋,U+7D0B,U+7D0B U+E0101,CID+14060
1951,問,問,U+554F,,
1952,冶,冶,U+51B6,,
1953,夜,夜,U+591C,,
1954,野,野,U+91CE,,
1955,弥,彌,U+5F4C,,
1956,厄,厄,U+5384,,
1957,役,役,U+5F79,,
1958,約,約,U+7D04,,
1959,訳,譯,U+8B6F,,
1960,薬,藥,U+85E5,,
1961,躍,躍,U+8E8D,U+8E8D U+E0101,CID+14063
1962,闇,闇,U+95C7,,
1963,由,由,U+7531,,
1964,油,油,U+6CB9,,
1965,喩,喩,U+55A9,,
1966,愉,愉,U+6109,U+6109 U+E0101,CID+14067
1967,諭,諭,U+8AED,U+8AED U+E0100,CID+14068
1968,輸,輸,U+8F38,U+8F38 U+E0101,CID+14069
1969,癒,癒,U+7652,,
1970,唯,唯,U+552F,,
1971,友,友,U+53CB,,
1972,有,有,U+6709,,
1973,勇,勇,U+52C7,,
1974,幽,幽,U+5E7D,,
1975,悠,悠,U+60A0,,
1976,郵,郵,U+90F5,,
1977,湧,湧,U+6E67,,
1978,猶,猶,U+7336,U+7336 U+E0101,CID+14072
1979,裕,裕,U+88D5,,
1980,遊,遊,U+904A,U+904A U+E0101,CID+14076
1981,雄,雄,U+96C4,,
1982,誘,誘,U+8A98,,
1983,憂,憂,U+6182,,
1984,融,融,U+878D,,
1985,優,優,U+512A,,
1986,与,與,U+8207,,
1987,予,豫,U+8C6B,,
1988,余,餘,U+9918,,
1989,誉,譽,U+8B7D,,
1990,預,預,U+9810,,
1991,幼,幼,U+5E7C,,
1992,用,用,U+7528,,
1993,羊,羊,U+7F8A,,
1994,妖,妖,U+5996,,
1995,洋,洋,U+6D0B,,
1996,要,要,U+8981,U+8981 U+E0101,CID+14079
1997,容,容,U+5BB9,,
1998,庸,庸,U+5EB8,,
1999,揚,揚,U+63DA,,
2000,揺,搖,U+6416,,
2001,葉,葉,U+8449,,
2002,陽,陽,U+967D,,
2003,溶,溶,U+6EB6,,
2004,腰,腰,U+8170,,
2005,様,樣,U+6A23,,
2006,瘍,瘍,U+760D,,
2007,踊,踊,U+8E0A,,
2008,窯,窯,U+7AAF,,
2009,養,養,U+990A,U+990A U+E0101,CID+14080
2010,擁,擁,U+64C1,,
2011,謡,謠,U+8B20,,
2012,曜,曜,U+66DC,U+66DC U+E0101,CID+14077
2013,抑,抑,U+6291,,
2014,沃,沃,U+6C83,,
2015,浴,浴,U+6D74,,
2016,欲,欲,U+6B32,,
2017,翌,翌,U+7FCC,U+7FCC U+E0101,CID+14081
2018,翼,翼,U+7FFC,U+7FFC U+E0102,CID+14082
2019,拉,拉,U+62C9,,
2020,裸,裸,U+88F8,,
2021,羅,羅,U+7F85,,
2022,来,來,U+4F86,,
2023,雷,雷,U+96F7,,
2024,頼,賴,U+8CF4,,
2025,絡,絡,U+7D61,,
2026,落,落,U+843D,,
2027,酪,酪,U+916A,,
2028,辣,辣,U+8FA3,,
2029,乱,亂,U+4E82,,
2030,卵,卵,U+5375,,
2031,覧,覽,U+89BD,U+89BD U+E0101,CID+14218
2032,濫,濫,U+6FEB,,
2033,藍,藍,U+85CD,,
2034,欄,欄,U+F91D,,
2035,吏,吏,U+540F,U+540F U+E0101,CID+13513
2036,利,利,U+5229,,
2037,里,里,U+91CC,,
2038,理,理,U+7406,,
2039,痢,痢,U+75E2,,
2040,裏,裏,U+88CF,,
2041,履,履,U+5C65,,
2042,璃,璃,U+7483,,
2043,離,離,U+96E2,,
2044,陸,陸,U+9678,,
2045,立,立,U+7ACB,,
2046,律,律,U+5F8B,,
2047,慄,慄,U+6144,,
2048,略,略,U+7565,,
2049,柳,柳,U+67F3,,
2050,流,流,U+6D41,,
2051,留,留,U+7559,,
2052,竜,龍,U+9F8D,U+9F8D U+E0102,CID+14087
2053,粒,粒,U+7C92,,
2054,隆,隆,U+F9DC,,
2055,硫,硫,U+786B,,
2056,侶,侶,U+4FB6,,
2057,旅,旅,U+65C5,U+65C5 U+E0101,CID+14088
2058,虜,虜,U+F936,,
2059,慮,慮,U+616E,,
2060,了,了,U+4E86,,
2061,両,兩,U+5169,,
2062,良,良,U+826F,,
2063,料,料,U+6599,,
2064,涼,涼,U+6DBC,,
2065,猟,獵,U+7375,,
2066,陵,陵,U+9675,,
2067,量,量,U+91CF,,
2068,僚,僚,U+50DA,,
2069,領,領,U+9818,,
2070,寮,寮,U+5BEE,,
2071,療,療,U+7642,,
2072,瞭,瞭,U+77AD,,
2073,糧,糧,U+7CE7,,
2074,力,力,U+529B,,
2075,緑,綠,U+7DA0,,
2076,林,林,U+6797,,
2077,厘,厘,U+5398,,
2078,倫,倫,U+502B,,
2079,輪,輪,U+8F2A,,
2080,隣,隣,U+96A3,U+96A3 U+E0102,CID+14091
2081,臨,臨,U+81E8,,
2082,瑠,瑠,U+7460,,
2083,涙,淚,U+6DDA,,
2084,累,累,U+7D2F,,
2085,塁,壘,U+58D8,,
2086,類,類,U+F9D0,,
2087,令,令,U+4EE4,,
2088,礼,禮,U+79AE,,
2089,冷,冷,U+51B7,,
2090,励,勵,U+52F5,,
2091,戻,戾,U+623E,,
2092,例,例,U+4F8B,,
2093,鈴,鈴,U+9234,,
2094,零,零,U+96F6,,
2095,霊,靈,U+9748,,
2096,隷,隷,U+96B7,,
2097,齢,齡,U+9F61,,
2098,麗,麗,U+9E97,U+9E97 U+E0101,CID+13516
2099,暦,曆,U+66C6,,
2100,歴,歷,U+6B77,,
2101,列,列,U+5217,,
2102,劣,劣,U+52A3,,
2103,烈,烈,U+70C8,,
2104,裂,裂,U+88C2,,
2105,恋,戀,U+6200,,
2106,連,連,U+9023,U+9023 U+E0100,CID+14097
2107,廉,廉,U+5EC9,U+5EC9 U+E0100,CID+14095
2108,練,練,U+FA57,,
2109,錬,鍊,U+934A,,
2110,呂,呂,U+5442,,
2111,炉,爐,U+7210,,
2112,賂,賂,U+8CC2,,
2113,路,路,U+8DEF,,
2114,露,露,U+9732,,
2115,老,老,U+8001,,
2116,労,勞,U+52DE,,
2117,弄,弄,U+5F04,,
2118,郎,郞,U+90DE,,
2119,朗,朗,U+F929,,
2120,浪,浪,U+6D6A,,
2121,廊,廊,U+F928,,
2122,楼,樓,U+6A13,,
2123,漏,漏,U+6F0F,,
2124,籠,籠,U+7C60,,
2125,六,六,U+516D,,
2126,録,錄,U+9304,,
2127,麓,麓,U+9E93,,
2128,論,論,U+8AD6,,
2129,和,和,U+548C,,
2130,話,話,U+8A71,,
2131,賄,賄,U+8CC4,,
2132,脇,脇,U+8107,,
2133,惑,惑,U+60D1,,
2134,枠,枠,U+67A0,,
2135,湾,灣,U+7063,,
2136,腕,腕,U+8155,,
